id,title,published_at,views,likes,comments
xonAuaOoWNM,Naseer VS Chacha Big Carrom Challenge Match ğŸ¥µğŸ¥µğŸ¥µ#Carrom#Carrompool#viral#trending#shorts,2024-06-12T14:00:50Z,11,0,0
hDMVSs7I6yg,Rebound Short ğŸ¥µğŸ¥µğŸ¥µ#Carrom#Carrompool#viral#trending#shorts,2024-06-12T14:00:39Z,15,0,0
rhfkj1urS-U,Unbelievable Rebound Short ğŸ¥µğŸ¥µğŸ¥µ#Carrom#Carrompool#viral#trending#shorts,2024-06-12T14:00:45Z,13,0,0
-Dpa6lq-95c,Shahbaz on fire ğŸ”¥ğŸ”¥ğŸ”¥#Carrom#Carrompool#viral#trending#shorts,2024-06-12T13:00:00Z,25,0,0
e_EVqkw5rVs,Queen Short ğŸ¥µğŸ¥µğŸ¥µ#Carrom#Carrompool#viral#trending#shorts,2024-06-12T04:00:20Z,271,2,0
zT7NDMJlTGU,Last Shorts ğŸ¥µğŸ¥µğŸ¥µ#Carrom#Carrompool#viral#trending#shorts,2024-06-12T04:00:45Z,261,2,0
pf8cmnSpFYw,Shortaaaa ğŸ¥µğŸ¥µğŸ¥µ#carrom #carrompool#viral#trending#shorts,2024-06-12T04:00:25Z,222,4,0
_WbQ1WajUIw,Ustad Is Back ğŸ¥µğŸ¥µğŸ¥µ#Carrom#Carrompool#viral#trending#shorts,2024-06-12T04:00:19Z,336,3,0
Q-7ZGFIYies,Malang VS Naseer Big Carrom Challenge Match ğŸ¥µğŸ¥µğŸ¥µ#Carrom#Carrompool#viral#video#trending#foryou,2024-06-12T04:00:12Z,267,1,0
3HS0l8iz974,Ahsan Champion VS Chacha Big Carrom Match ğŸ¥µğŸ¥µğŸ¥µ#Carrom#Carrom#viral#video#trending#foryou,2024-06-11T14:00:02Z,1116,2,0
43SDQI48Zg4,Rebound Short a ğŸ¥µğŸ¥µğŸ¥µ#carrom #Carrompool #viral #trending #shorts,2024-06-11T14:00:04Z,229,3,0
uM9czSKsUqw,What a Short ğŸ¥µğŸ¥µğŸ¥µ#carrom #carrompool #viral #trending #shorts,2024-06-11T14:00:48Z,668,5,0
9vs1dEYUTJM,Champion Back ğŸ¥µğŸ¥µğŸ¥µ#Carrom#Carrompool#Viral#trending#shorts,2024-06-11T09:18:17Z,597,5,0
ZGEc4diuYa8,What a Last Short ğŸ¥µğŸ¥µğŸ¥µ#Carrom#Carrompool#viral#trending#shorts,2024-06-11T04:00:32Z,311,4,0
SCU_8jiNNtY,King Is Back ğŸ¥µğŸ¥µğŸ¥µ#carrom #carrompool#viral#trending#shorts,2024-06-11T04:00:15Z,714,11,0
CbDYJaYtL6I,Unbelievable Short ğŸ¥µğŸ¥µğŸ¥µ#carrom #carrompool#viral#trending#shorts,2024-06-11T04:00:10Z,216,2,0
LwH-cVzuNSU,Check Shorts ğŸ¥µğŸ¥µğŸ¥µ#carrom #carrompool#Viral#trending#shorts,2024-06-11T04:00:15Z,945,17,0
xWssaJpvIVM,Malang VS Mistry Big Carrom Challenge Match ğŸ¥µğŸ¥µğŸ¥µ#Carrom#Carrompool#viral#trending#video#foryou,2024-06-11T04:00:37Z,402,3,0
E1CX6Dr-kRM,What a Shorts ğŸ˜±ğŸ˜±ğŸ˜±#Carrom#Carrompool#viral#trending#shorts,2024-06-10T14:15:39Z,244,3,0
mNSReFPex3c,Cut Shorts ğŸ˜±ğŸ˜±ğŸ˜±#carrom #carrompool#viral#trending #shorts,2024-06-10T14:07:07Z,323,9,0
UXUAyDH4NLw,ShortAaaaaaağŸ¥µğŸ¥µğŸ¥µ#Carrom#Carrompool#viral#trending#shorts,2024-06-10T14:00:08Z,458,6,0
6NEpzK33AoY,Shahbaz Vs Vicky Big Carrom Challenge Match ğŸ¥µğŸ¥µğŸ¥µ#Carrom#Carrompool#viral#video#trending#foryou,2024-06-10T03:43:57Z,1111,7,0
RM1GnvI_Uy4,This is Called Perfect Cut Short ğŸ¥µğŸ¥µğŸ¥µ#carrom #carrompool#viral#trending#shorts,2024-06-10T03:37:32Z,1481,26,1
yYAVJ9lbTHQ,Double Short ğŸ¥µğŸ¥µğŸ¥µ#carrom #carrompool#viral#trending#shorts,2024-06-10T03:33:20Z,552,4,0
4D8kDJvOw2U,Perfect Cut Short ğŸ¥µğŸ¥µğŸ¥µ#Carrom#Carrompool#viral#trending#shorts,2024-06-10T03:30:14Z,1003,6,0
3eP3u60euxQ,Shooter Short ğŸ¥µğŸ¥µğŸ¥µ#carrom #carrompool#viral#trending#shorts,2024-06-10T03:26:58Z,368,1,0
35_wmohg45c,Check Press Short ğŸ¥µğŸ¥µğŸ¥µ#Carrom#Carrompool#viral#trending#shorts,2024-06-09T13:00:05Z,454,5,0
E5KN7f9DGBU,ShortAaaağŸ¥µğŸ¥µğŸ¥µ#Carrom#Carrompool#viral#trending#shorts,2024-06-09T13:00:09Z,7735,71,0
qsKfWIPOAgo,Chacha On Fire ğŸ”¥ğŸ”¥ğŸ”¥ #carrom #carrompool#viral #trending #shorts,2024-06-09T11:17:08Z,425,6,0
JJhF6EabXj0,Big Challenge Carrom Match ğŸ¥µğŸ¥µğŸ¥µ#Carrom#carrompool #viral#video#trending#foryou,2024-06-09T05:08:31Z,816,1,0
qu6S7CwYAtE,Unbelievable Rebound Short ğŸ¥µğŸ¥µğŸ¥µ #carrom #carrompool #viral #trending #shorts,2024-06-09T05:00:09Z,491,3,0
D1qg9XSSw_E,King Short ğŸ¥µğŸ¥µğŸ¥µ #carrom #carrompool #viral #trending #shorts,2024-06-09T04:57:46Z,249,1,0
UP4YbpV-pR0,Break Short ğŸ¥µğŸ¥µğŸ¥µ#Carrom#Carrompool#vural#trending#shorts,2024-06-09T04:55:22Z,316,2,0
cSs4Kn6NzTM,Malang Back ğŸ¥µğŸ¥µğŸ¥µ#Carrom#Carrompool#viral#trending#shorts,2024-06-09T04:52:32Z,904,10,0
DovYfqFYe2Y,Check Shorts ğŸ¥µğŸ¥µğŸ¥µ #carrom #carrompool #viral #trending #shorts,2024-06-08T14:00:11Z,522,7,0
53YFN-xYb1Y,Ustad On Fire ğŸ”¥ğŸ”¥ğŸ”¥ #carrom #carrompool #viral #trending #shorts,2024-06-08T14:00:06Z,27,1,0
ZwrFJJylmFg,Ustad Unbelievable Press Short ğŸ¥µğŸ¥µğŸ¥µ #carrom #carrompool #viral #trending #shorts,2024-06-08T10:59:55Z,746,5,2
NK9MmfwDZ8o,Shorttt AaaağŸ¥µğŸ¥µğŸ¥µ#carrom #carrompool#viral #trending#shorts,2024-06-08T04:00:13Z,229,3,0
fyxYX85-eOE,Technique Short ğŸ¥µğŸ¥µğŸ¥µ #carrom #carrompool #viral #trending #shorts,2024-06-08T04:00:23Z,70,1,0
fb7KUjVf8-g,Queen Cover Short ğŸ¥µğŸ¥µğŸ¥µ #carrom #carrompool #viral #trending #shorts,2024-06-08T04:00:33Z,102,1,0
uUunMLJ3Teo,Ustad VS Chacha Big Carrom Match ğŸ¥µğŸ¥µğŸ¥µ#Carrom#carrompool#viral#video#trending#foryou,2024-06-08T04:00:38Z,308,3,0
UilYakh-nac,Ustad Is Back ğŸ¥µğŸ¥µğŸ¥µ #carrom #carrompool #viral #trending #shorts,2024-06-08T04:00:15Z,33,4,0
sEw8Q-5TJO0,Shooter Short ğŸ¥µğŸ¥µğŸ¥µ#carrom #carrompool#viral #shorts#trending,2024-06-07T14:01:00Z,2403,24,0
Xm5ObnzmXks,ShorttttttAaağŸ¥µğŸ¥µğŸ¥µ#carrom #carrompool #viral #trending #shorts,2024-06-07T14:00:24Z,91,0,0
sd5v7GctE6g,Check Shots ğŸ¥µğŸ¥µğŸ¥µ #carrom #carrompool #viral #trending #shorts,2024-06-07T09:42:58Z,871,14,0
i7-l3zL96u0,Check Shots ğŸ¥µğŸ¥µğŸ¥µ #carrom #carrompool #viral #trending #shorts,2024-06-07T04:00:34Z,9089,91,0
sYVojo2x9iw,Match Finish Shorts ğŸ¥µğŸ¥µğŸ¥µ #carrom #carrompool #viral #trending #shorts,2024-06-07T04:00:39Z,29,0,0
fyLtQU59_FE,Shooter Short ğŸ¥µğŸ¥µğŸ¥µ #carrom #carrompool #viral #trending #shorts,2024-06-07T04:00:34Z,207,2,0
QEACBXieavY,What a Short ğŸ¥µğŸ¥µğŸ¥µ #carrom #carrompool #viral #trending #shorts,2024-06-07T04:00:30Z,10480,210,0
y6jxyR5YjzM,Malang VS Shahbaz Big Challenge Carrom Match ğŸ¥µğŸ¥µğŸ¥µ#Carrom#Carrompool#viral#video#trending#foryou,2024-06-07T04:00:46Z,79,1,0
MCGFfBWR1Uw,Trending Shorts ğŸ¥µğŸ¥µğŸ¥µ #carrom #carrompool #viral #trending #shorts,2024-06-06T15:30:09Z,21,2,0
g7tV7qkaT1E,Unbelievable Short ğŸ¥µğŸ¥µğŸ¥µ #carrom #carrompool #viral #trending #shorts,2024-06-06T15:30:11Z,36,0,0
mgWVgnQBPXs,What a Shorts ğŸ˜±ğŸ˜±ğŸ˜± #carrom #carrompool #viral #trending #shorts,2024-06-06T15:30:23Z,46,1,0
YTttTLa_Gms,Rebound Short ğŸ¥µğŸ¥µğŸ¥µ #carrom #carrompool #viral #trending #shorts,2024-06-06T04:00:31Z,32,0,0
FfXuf3F5nOE,Perfect Cut ğŸ˜±ğŸ˜±ğŸ˜± #carrom #carrompool #viral #trending #shorts,2024-06-06T04:00:07Z,5113,29,0
kXNO2u8IkTI,Break Short ğŸ¥µğŸ¥µğŸ¥µ #carrom #carrompool #viral #trending #shorts,2024-06-06T04:00:28Z,28,1,0
cn7ArF0F4Kc,Ahsan Shah VS Chacha Big Challenge Carrom Match ğŸ¥µğŸ¥µğŸ¥µ#Carrom#Carrompool#viral#video#trending#foryou,2024-06-06T04:00:23Z,40,0,0
g8-6Zgrgcag,Check Short ğŸ¥µğŸ¥µğŸ¥µ #carrom #carrompool #viral #trending #shorts,2024-06-06T04:00:33Z,326,5,0
PwmIDRDMsIk,Shooter ğŸ¥µğŸ¥µğŸ¥µ #carrom #carrompool #viral #trending #shorts,2024-06-05T15:30:06Z,70,0,0
Y6ycNSqtZoo,Naseer VS Vicky Big Carrom Challenge Match ğŸ¥µğŸ¥µğŸ¥µ#Carrom#Carrompool#viral#video#trending#foryou,2024-06-05T15:30:10Z,225,2,0
Z2vsYQNJ3rg,Finish Shorts ğŸ˜±ğŸ˜±ğŸ˜± #carrom #carrompool #viral #trending #shorts,2024-06-05T15:30:10Z,21,1,0
rF4g9_TTlS8,King Is Back ğŸ¥µğŸ¥µğŸ¥µ #carrom #carrompool #viral #trending #shorts,2024-06-05T04:00:30Z,282,5,0
pL_k8He8xPE,Naseer VS Vicky Big Carrom Challenge Match ğŸ¥µğŸ¥µğŸ¥µ#carrom #carrompool #viral #video #trending #foryou,2024-06-05T04:00:25Z,56,1,0
-9RCrNwJ-mk,Ustad On Trending ğŸ˜±ğŸ˜±ğŸ˜± #carrom #carrompool #viral #trending #shorts,2024-06-05T04:00:00Z,119,0,0
TpXPfQ-08HY,Check Shot ğŸ˜±ğŸ˜±ğŸ˜± #carrom #carrompool #viral #trending #shorts,2024-06-05T04:00:17Z,498,3,0
ujuGn8lIoGo,Chacha On Fire ğŸ”¥ğŸ”¥ğŸ”¥ #carrom #carrompool #viral #trending #shorts,2024-06-05T04:00:28Z,59,2,0
wUodIXlwf8w,Press Shorts ğŸ˜±ğŸ˜±ğŸ˜± #carrom #carrompool #viral #trending #shorts,2024-06-04T15:35:11Z,3092,32,0
-G-BHHW2a38,Shah G On Trending ğŸ˜±ğŸ˜±ğŸ˜± #carrom #carrompool #viral #trending #shorts,2024-06-04T15:31:53Z,71,1,0
XstV9BEAfFg,What a Shorts ğŸ˜±ğŸ˜±ğŸ˜± #carrom #carrompool #viral #trending#shorts,2024-06-04T13:00:34Z,22,0,2
V7TyKhsluXQ,Again Big Carrom Challenge Match ğŸ˜±ğŸ˜±ğŸ˜±#Carrom#carrompool #Viral#trending#viddo#foryou,2024-06-04T13:00:32Z,24,1,3
04y75LrW8rA,Match Finish Shorts ğŸ˜±ğŸ˜±ğŸ˜± #carrom #carrompool #viral #trending #shorts,2024-06-04T13:00:00Z,29,1,0
fM86AJa-HXs,Big Challenge Carrom Match Malang VS Peer ğŸ¥µğŸ¥µğŸ¥µ#Carrom#Carrompool#viral#video#trending#foryou,2024-06-04T06:04:02Z,41,0,0
NO6e_1Gg5uw,Ustad On Trending ğŸ˜±ğŸ˜±ğŸ˜± #carrom #carrompool #viral #trending#shorts,2024-06-04T05:24:06Z,74,2,0
HF0d3ieXvvI,Unbelievable Shorts ğŸ˜±ğŸ˜±ğŸ˜± #carrom #carrompool #viral #trending#shorts,2024-06-04T05:18:34Z,9266,101,0
sEordkobI3k,Baba on Fire ğŸ”¥ğŸ”¥ğŸ”¥ #carrom #carrompool #viral #trending #shorts,2024-06-03T14:45:28Z,685,11,0
-ZirXZqeHqA,Finish Short ğŸ¥µğŸ¥µğŸ¥µ #carrom #carrompool #viral #trending #shorts,2024-06-03T14:42:19Z,127,0,0
11LOebCh3bU,ShorttttttğŸ˜±ğŸ˜±ğŸ˜± #carrom #carrompool #viral #trending #shorts,2024-06-03T14:39:04Z,162,2,0
Ahph4Mye1gE,Ustad Unbelievable Double Short ğŸ˜±ğŸ˜±ğŸ˜±#carrom #carrompool #viral #trending #shorts,2024-06-03T14:34:36Z,180,3,0
Ym3TUq3Gs9s,King Is Back ğŸ¥³ğŸ¥³ğŸ¥³ #carrom #carrompool #viral #trending #shorts,2024-06-03T05:01:04Z,8561,128,0
pN5I8CcUvcQ,What a Shorts ğŸ˜±ğŸ˜±ğŸ˜± #carrom #carrompool #viral #trending #shorts,2024-06-03T04:57:40Z,5117,50,0
MdLTFJWvaHQ,Tournament Big Carrom Match ğŸ¥µğŸ¥µğŸ¥µ#Carrom#Carrompool#viral#video#trending#foryou,2024-06-02T16:27:31Z,198,0,0
DNcaM_8_z4M,Shorrrrtttt ğŸ¥µğŸ¥µğŸ¥µ #carrom #carrompool #viral #trending #shorts,2024-06-02T16:12:54Z,400,5,0
8GMqb0lx4uQ,Unbelievable Short ğŸ¥µğŸ¥µğŸ¥µ #carrom #carrompool #viral #trending #shorts,2024-06-02T16:09:24Z,332,4,0
BE7HA4mmCkA,Shahbaz On Fire ğŸ”¥ #carrom #carrompool #viral #trending#shorts,2024-06-02T16:05:59Z,9088,121,0
AfTL-c6dsoI,Ustad Back ğŸ¥³ğŸ¥³ğŸ¥³ #carrom #carrompool #viral #trending #shorts,2024-06-02T04:15:47Z,5986,45,0
0wUMmDWxpUI,Ustad Tournament Short ğŸ¥µğŸ¥µğŸ¥µ #carrom #carrompool #viral #trending#shorts,2024-06-02T04:13:04Z,3879,31,0
U6DxwC6jXnw,Again Big Match Malang VS Mama Challenge Match ğŸ¥µğŸ¥µğŸ¥µ#carrom #Carrompool#viral#video#trending#Foryou,2024-06-01T15:52:07Z,61,1,0
29sPA7klTRw,Tournament Short ğŸ¥µğŸ¥µğŸ¥µ #carrom #carrompool #viral #trending #viral #shorts,2024-06-01T15:24:56Z,126,0,0
adWXwRqOnbg,What a Short ğŸ¥µğŸ¥µğŸ¥µ #carrom #carrompool #viral #trending#shorts,2024-06-01T15:22:09Z,341,5,0
zMmodu2i2SM,Adeel Khan Short ğŸ¥µğŸ¥µğŸ¥µ #carrom #carrompool #viral #Trending#shorts,2024-06-01T15:19:51Z,925,10,0
fzNHoXFx1M4,Fast Player Is Back ğŸ˜±ğŸ˜±ğŸ˜± #carrom #carrompool #viral #trending #shorts,2024-06-01T15:15:47Z,408,6,0
VR_zYNqMujg,What a Press Short ğŸ¥µğŸ¥µğŸ¥µ #carrom #carrompool #viral #trending #shorts,2024-06-01T04:29:36Z,187,2,0
VHhpWpJNLoY,Chacha On Fire ğŸ”¥ğŸ”¥ğŸ”¥ #carrom #carrompool #viral #trending #shorts,2024-06-01T04:27:21Z,80,1,0
Uugu_gPD37Y,Again Mama VS Malang Big Carrom Match ğŸ˜±ğŸ˜±ğŸ˜±#Carrom#carrompool#viral#trending#shorts,2024-05-31T15:39:16Z,356,5,0
wuc4KA6hEOw,Last Short ğŸ¥µğŸ¥µğŸ¥µ #carrom #carrompool #viral #trending #shorts,2024-05-31T15:11:38Z,236,0,0
UYNFCE9Kyw8,Mistry Sab What a Press Short ğŸ¥µğŸ¥µğŸ¥µ #carrom #carrompool #viral #trending#shorts,2024-05-31T15:07:40Z,148,1,0
czpr5M6doAk,Tournament Shorts ğŸ˜±ğŸ˜±ğŸ˜± #carrom #carrompool #viral #trending #shorts,2024-05-31T15:05:24Z,9563,95,0
i_OHVnYfyHg,Malang Press Short ğŸ¥µğŸ¥µğŸ¥µ #carrom #carrompool #viral #trending#shorts,2024-05-31T15:00:48Z,85,0,0
kHTkq3uIsYQ,Foji What a Short ğŸ˜±ğŸ˜±ğŸ˜± #Carrom#carrompool #viral #trending #shorts,2024-05-31T03:34:16Z,82,0,0
HZ-seTfXSlU,Haji Sab Unbelievable Cut Short ğŸ¥µğŸ¥µğŸ¥µ#carrom #carrompool #viral #trending #shorts,2024-05-31T03:30:37Z,178,4,0
NWKNV0D1d0s,Chacha VS Mistry Big Carrom Match ğŸ¥µğŸ¥µğŸ¥µ#Carrom#carrompool #viral#video#trending#foryou,2024-05-30T17:25:00Z,154,0,0
MrdwZu34nrc,What a Cut Short ğŸ¥µğŸ¥µğŸ¥µ#carrom #carrompool #viral #trending #shorts,2024-05-30T15:38:12Z,213,1,0
ibHRt0sgpcE,Adeel Khan What a Short ğŸ¥µğŸ¥µğŸ¥µ#carrom #carrompool #viral #trending #shorts,2024-05-30T15:33:57Z,10152,92,0
uDOV_XlRzbs,Mama VS Chacha Big Carrom Match No 2 #Carrom#Carrompool#viral#shorts#trending,2024-05-30T05:21:47Z,18,0,0
p5nW2mWUgCg,Foji Difficult Short ğŸ¥µğŸ¥µğŸ¥µ #carrom #carrompoo #viral #shorts#trending,2024-05-30T04:13:54Z,264,7,1
JaKC1iTZJps,Lalu Fast Shorts ğŸ˜±ğŸ˜±ğŸ˜± #carrom #carrompoo #viral #trending #shorts,2024-05-30T04:10:22Z,157,1,0
RKX1XkkG0zk,Naseer What a Short ğŸ¥µğŸ¥µğŸ¥µ #viral #carrom #carrompool #viral #trending #shorts,2024-05-30T04:07:39Z,639,8,0
eIGDuBTFnUg,Big Carrom Match Mama VS Chacha ğŸ˜±ğŸ˜±ğŸ˜±#Carrom#carrompool #Viral#trending#video#foryou,2024-05-29T15:47:29Z,39,0,0
Y3bz2X9cXB4,Mama Match Finish Shorts ğŸ˜±ğŸ˜±ğŸ˜± #carrom #carrompool #viral #trending #shorts,2024-05-29T15:07:59Z,238,4,0
ofcAh70ZXe4,Chap Short ğŸ¥µğŸ¥µğŸ¥µ #carrom #carrompoo #viral #trending #shorts,2024-05-29T13:00:46Z,78,0,0
z9n8njo8Fbg,Unbelievable Double Short ğŸ¥µğŸ¥µğŸ¥µ #carrom #carrompool #viral #trending#shorts,2024-05-29T11:46:18Z,201,2,0
Tjb1jO-56zY,Mama Unbelievable Rebound Double Short ğŸ˜±ğŸ˜±ğŸ˜± #carrom #carrompool #viral #trending#shorts,2024-05-29T04:45:08Z,12110,179,0
8VqM7gRZ820,Mama Stylesh Player ğŸ¥µğŸ¥µğŸ¥µ #carrom #carrompool #viral #trending #shorts,2024-05-29T04:41:47Z,224,5,0
r_eIMQvzb4w,What a Short ğŸ˜±ğŸ˜±ğŸ˜± #carrom #carrompool #viral #trending#shorts,2024-05-28T14:50:49Z,197,3,0
_U1tfhWAiIM,Malang On Fire ğŸ”¥ğŸ”¥ğŸ”¥ #carrom #carrompool #viral #trending#shorts,2024-05-28T14:46:38Z,8281,100,0
U2zplI3lJ6M,Shahzad VS Naseer 2nd Tournament Big Match ğŸ¥µğŸ¥µğŸ¥µ#Carrom#carrompool #Viral#Video#trending#foryou,2024-05-28T04:03:05Z,3826,8,6
CNxIuJJBs9g,Unbelievable Queen Short ğŸ¤¯ğŸ˜±ğŸ˜± #carrom #carrompool #viral #trending #Shorts,2024-05-28T03:26:26Z,2646,45,0
wqdCpi4IyUo,Ahsan Shah Queen Short ğŸ¥µğŸ¥µğŸ¥µ #carrom #carrompool#viral #trending #shorts,2024-05-28T03:22:18Z,220,2,0
ck0LEdhc2So,Shahzad VS Shahzad Big Tournament Match ğŸ˜±ğŸ˜±ğŸ˜±#Carrom#Carrompool#viral#trending#video#foryou,2024-05-27T15:49:37Z,2438,4,0
tFJZHNlUb-E,Haji Sab Queen Short ğŸ˜±ğŸ˜±ğŸ˜± #carrom #carrompool #viral #trending #shorts,2024-05-27T15:38:37Z,538,3,0
jB7m0mAmAAU,Hard Luck ğŸ¥µğŸ¥µğŸ¥µ #carrom #carrompool #viral #trending #shorts,2024-05-27T15:33:26Z,5479,83,3
KK-k26DqcIA,What a Shorts ğŸ˜±ğŸ˜±ğŸ˜± #carrom #carrompoo #viral #trending #shorts,2024-05-27T15:32:50Z,8637,165,2
nvqLpxm48ww,Ahsan Shah What a Short ğŸ¥µğŸ¥µğŸ¥µ #carrom #carrompool #viral #trending#shorts,2024-05-27T04:18:58Z,328,5,0
o3wYokxaDSA,This is Called Perfect Short ğŸ¥µğŸ¥µğŸ¥µ #carrom #carrompool #viral #trending #shorts,2024-05-27T04:13:27Z,10192,123,0
GLYQRHzgnCU,Big Carrom Match Malik VS Mirtry ğŸ˜±ğŸ˜±ğŸ˜±#carrom#carrompool#viral #trending#CarromChamp,2024-05-26T15:01:10Z,2435,9,2
p0rQLp8Di9Q,Chacha What a Short ğŸ¥µğŸ¥µğŸ¥µ #carrom #carrompool #viral #trending,2024-05-26T14:57:15Z,236,2,0
23G3FeNIOf4,Ahsan Shah What a Short ğŸ¥µğŸ¥µğŸ¥µ #carrom #carrompool #viral #trending #CarromChamp,2024-05-26T14:54:42Z,10093,117,0
SRcFE3O2Rm4,Malang Shooter Short ğŸ¥µğŸ¥µğŸ¥µ #carrom #carrompool #viral #trending #foryou,2024-05-26T13:06:22Z,786,7,0
bE8E_9-pv0M,Malang On Fire ğŸ”¥ğŸ”¥ğŸ”¥ #carrom #carrompool #viral #trending #CarromChamp,2024-05-26T13:03:36Z,291,2,0
yhNXJfbAHPU,Haji Sab Unbelievable Double Short ğŸ¥µğŸ¥µğŸ¥µ #carrom #carrompool #viral #trending#shorts,2024-05-26T05:06:16Z,11794,161,2
11qwBEKrr4k,What a Rebound Short ğŸ¥µğŸ¥µğŸ¥µ #carrom #carrompool #viral #trending #shorts,2024-05-26T05:02:59Z,2314,20,0
lnnx0QTTp1U,Haji Sab Unbelievable Cut Short ğŸ˜¨ğŸ˜¨ğŸ˜¨ #carrom #carrompool#viral #trending#shorts,2024-05-25T15:08:16Z,241,1,0
NulTAYcrRgo,What a Cut Short ğŸ¥µğŸ¥µğŸ¥µ#carrom #carrompool #viral #trending #shorts,2024-05-25T14:57:54Z,4209,77,2
PF9JycKGAiA,BIG Carrom Match Naseer VS Shahzad ğŸ˜±ğŸ˜±ğŸ˜±#Carrom#Carrompool#Viral#video#trending#foryou,2024-05-25T14:39:27Z,597,1,2
IA-rn9-QK4M,BIG Carrom Match Shahzad VS Chacha ğŸ˜±ğŸ˜±ğŸ˜±#Carrom#carrompool #Viral#Video#trending#foryou,2024-05-24T16:20:05Z,120,1,1
j1x5KjetaK8,Mistry On Trending ğŸ˜±ğŸ˜±ğŸ˜± #carrom #carrompool #viral #trending #shorts,2024-05-24T14:34:39Z,473,7,2
8BT1tVvCHXk,What a Shorts ğŸ˜±ğŸ˜±ğŸ˜± #carrom #carrompool #viral #trending #shorts,2024-05-24T14:30:36Z,323,1,0
zeNRZ8mLgoo,Malang On Trending ğŸ˜±ğŸ˜±ğŸ˜± #carrom #carrompool #viral #trending #shorts,2024-05-24T05:13:09Z,9918,136,2
z90QuLgWpIU,Malik On Fire ğŸ”¥ğŸ”¥ğŸ”¥ #carrom #viral #carrompool#trending #shorts,2024-05-24T05:09:46Z,554,3,0
3yXzGpSPizs,Mistry Vs Vicky Big Carrom Match ğŸ˜±ğŸ˜±ğŸ˜±#Carrom#Carrompool#Viral#video#trending#foryou,2024-05-23T15:04:09Z,71,2,0
7mCPIyD3FsA,What a Shorts ğŸ˜±ğŸ˜±ğŸ˜± #carrom #carrompool #viral #trending #shorts,2024-05-23T14:10:04Z,1759,21,0
7-jycflRG30,Ustad Queen Short ğŸ¥µğŸ¥µğŸ¥µ #carrom #carrompool #viral #trending #shorts,2024-05-23T14:06:19Z,699,6,0
3a321u2Z9OQ,Ustad VS Shahid Khan Big Carrom Tournament MatchğŸ˜±ğŸ˜±ğŸ˜±#Carrim#Carrompool#viral#trending#foryou,2024-05-23T05:06:12Z,153,1,0
z4IzH4onACU,Ustad On Fire ğŸ”¥ğŸ”¥ğŸ”¥#Carrom#carrompool #viral #trending #shots,2024-05-23T04:52:05Z,11445,107,0
0WddcZX8LEY,Adeel Khan What a Short ğŸ¥µğŸ¥µğŸ¥µ#carrom #carrompool #viral #trending #shots,2024-05-23T04:51:12Z,10064,82,0
IPzRP_tDfrc,Ustad on trending ğŸ¤¯ğŸ¤¯ğŸ¤¯#Carrom#Carrompool#viral#shortd#trending,2024-05-22T14:59:59Z,30,0,0
4-QHMVQHZYA,Ustad VS Shahid Khan Big Carrom Tournament Match ğŸ˜±ğŸ˜±ğŸ˜±#Carrom#Carrompool#video#viral#trending#foryou,2024-05-22T14:43:03Z,1898,3,0
c1oXePYezh0,Adeel Khan Unbelievable ShortğŸ˜±ğŸ˜±ğŸ˜± #carrom #carrompool #viral #video#trending #shorts,2024-05-22T14:24:32Z,191,3,0
opNvjF6XRQQ,Ahsan Shah Last Short ğŸ‘‘ğŸ˜±ğŸ˜± #carrom #carrompool #viral #shots #trending,2024-05-22T05:35:44Z,102,0,0
hOdikhIcqws,What a Short ğŸ¥µğŸ¥µğŸ¥µ #carrom #carrompool #viral #shorts#trending,2024-05-22T05:34:53Z,1806,32,0
W2jlZ5FE6rc,Mistry Sab VS Chacha Big Carrom Match ğŸ˜±ğŸ˜±ğŸ˜±#Carrom#Carrompool#viral#video#trending,2024-05-21T15:58:59Z,1255,1,0
xlAQZJF8Eq8,Adeel King On Trending ğŸ˜±ğŸ˜±ğŸ˜± #carrom #carrompool #viral #shorts#trending,2024-05-21T13:41:24Z,10913,98,2
IqhGyVtE6aw,Champion Ahsan Shah What A Shorts ğŸ˜±ğŸ˜±ğŸ˜± #carrom #carrompool #viral #trending #shorts,2024-05-21T13:39:55Z,2220,23,0
vnZOimbxJSQ,What a Shorts ğŸ˜±ğŸ˜±ğŸ˜± #carrom #carrompool #viral #trending #shorts,2024-05-21T05:52:02Z,1607,11,0
aI-h8nk47s0,Match Finish Short ğŸ¥µğŸ¥µğŸ¥µ #carrom #carrompool #viral #trending,2024-05-21T05:48:06Z,12380,118,4
0nj0c4PDw0c,Vicky VS Naseer Big Carrom Match ğŸ˜±ğŸ˜±ğŸ˜±#Carrom#Carrompool#Viral#Video#trending#foryou#video,2024-05-20T16:32:01Z,477,1,0
4qETzJWKrI4,Ahsan Shah What A Short ğŸ¥µğŸ¥µğŸ¥µ #carrom #carrompool #viral #trending#viral,2024-05-20T14:44:45Z,258,4,0
-khTuJGSU1w,Ahsan Shah What A ShortğŸ˜±ğŸ˜±ğŸ˜± #carrom #carrompool #viral #shorts #trending,2024-05-20T14:41:19Z,497,5,0
KPxdnlK_gWs,Carrom Champ is live!,2024-05-20T04:13:25Z,1444,5,1
AlPOMfMFtz0,Vicky Bhi On Trending ğŸ˜±ğŸ˜±ğŸ˜± #carrom #carrompool #viral #shorts#trending,2024-05-20T04:08:44Z,1162,15,0
RtMfCzkhyOE,Vicky Bhi Double Short ğŸ˜±ğŸ˜±ğŸ˜± #carrom #carrompool #viral #trending#foryou,2024-05-20T04:01:07Z,1094,4,0
xwDKiIer_5U,Carrom Champ Big Match ğŸ˜±ğŸ˜±ğŸ˜±,2024-05-20T03:46:02Z,806,1,0
QsiAJo2BR1U,Naseer Vs Vicky Big Match ğŸ˜±ğŸ˜±ğŸ˜±#Carrom#carrompool #Viral#video#trending#foryou,2024-05-19T18:33:07Z,935,5,2
f1-oeP91zPs,Mama On Trending ğŸ˜±ğŸ˜±ğŸ˜±#carrom #carrompool #viral #shorts #trending,2024-05-19T17:08:08Z,202,1,0
-Zt89qcGl9o,What A Shorts ğŸ¥µğŸ¥µğŸ¥µ#carrom #carrompool #viral #shortd#trending,2024-05-19T17:05:01Z,13039,125,0
C3l2unjoja8,Big Carrom Match ğŸ˜±ğŸ˜±ğŸ˜±,2024-05-19T14:17:40Z,192,0,0
nNrOSnsOmN8,What a Shorts ğŸ˜±ğŸ˜±ğŸ˜±#carrom #carrompool#viral#shorts#trending,2024-05-19T06:10:47Z,2460,22,0
Rx6hoj_d_Og,Bhula Shah On Fire ğŸ”¥ğŸ”¥ğŸ”¥#Carrom#carrompool#viral#shorts#trending,2024-05-19T06:06:57Z,243,1,0
NwoAfSE4P7o,Ahsan Shah VS Mistry Big Carrom Match ğŸ˜±ğŸ˜±ğŸ˜±#Carrom#carrompool #viral #shorts#trending #video,2024-05-18T17:38:46Z,1061,1,0
o-_b8QL9mwY,Chacha On Trending ğŸ˜±ğŸ˜±ğŸ˜± #carrom #carrompool #viral #shorts#trending,2024-05-18T16:36:23Z,2065,42,2
GKjpabXV2uI,Mistry VS Malik Big Carrom Match ğŸ¥µğŸ¥µğŸ¥µ#Carrom#Carrompool#video#viral#trending,2024-05-17T15:54:04Z,1555,6,0
elq6rNcrdog,Mistry Sab Unbelievable Queen Short ğŸ¤¯ğŸ¤¯ğŸ˜± #carrom #Carrompool#viral#shorts#trending,2024-05-17T14:58:54Z,892,10,0
A2LCoxY_ho8,MALANG On Fire ğŸ”¥ğŸ”¥ğŸ”¥ #carrom #carrompool#viral#shorts#trending,2024-05-17T14:54:02Z,836,5,0
OynRq7jiW4w,Mistry On Trending ğŸ¥µğŸ¥µğŸ¥µ #carrom #carrompool #viral #shorts #trending,2024-05-17T05:21:29Z,4821,71,0
lEYnPbOr8WI,Malang On Fire ğŸ”¥ğŸ”¥ğŸ”¥ #carrom #carrompool #viral#shorts #trending,2024-05-17T05:10:50Z,2209,29,0
uA8KImKhdI4,Mistry VS Naseer Big Carrom Match ğŸ”¥ğŸ¥µğŸ¥µğŸ¥µ#Carrom#Carrompool#viral#video#trending#foryou,2024-05-16T06:19:28Z,1254,5,0
gGzofs92C5s,What A Short ğŸ‘‘ğŸ˜±ğŸ˜±ğŸ˜± #carrom #carrompool #viral #shorts#trending,2024-05-16T04:59:50Z,12082,99,0
KpmQIF1LHVo,Queen Cut Short ğŸ¤¯ğŸ¥µğŸ¥µ #carrom #carrompool #viral #shorts#trending,2024-05-16T04:58:36Z,2206,36,0
LUlk7XehtjM,Carrom Big Match ğŸ”¥ğŸ¥µğŸ¥µ#Carrom#carrompool #viral#video#trending#foryou,2024-05-15T16:10:38Z,968,4,2
-KivqWlJEok,Boss On Trending ğŸ¥µğŸ¥µğŸ¥µ#carrom #carrompool #viral #shorts #trending,2024-05-15T15:37:33Z,753,8,0
s2Zo2OFtbtQ,Rebound ShortğŸ˜±ğŸ˜±ğŸ˜± #carrom #carrompool #viral #shorts #trending,2024-05-15T15:33:24Z,1821,20,0
lEdk6i9BCRo,Malik On Trending ğŸ”¥ğŸ”¥ğŸ”¥ #carrom #carrompool #viral #shorts #trending,2024-05-14T15:23:34Z,5033,46,2
Hz2anuFwT2M,Haji Sab On Fire ğŸ”¥ğŸ”¥ğŸ”¥ #carrom #carrompool #viral #shorts #trending,2024-05-14T15:15:03Z,12494,140,2
qOHY5Wkt_YQ,Last Short ğŸ˜±ğŸ˜±ğŸ˜± #carrom #carrompool #viral#trending,2024-05-13T14:50:49Z,13623,146,3
up2AcUHUS_o,Haji Sab Unbelievable Short ğŸ¤¯ğŸ¤¯ğŸ¤¯ #carrom #carrompool #viral#shorts#trending,2024-05-13T14:41:12Z,7153,95,0
E_njaGZhtOI,Vicky Vs Haji Big Carrom Match ğŸ˜±ğŸ˜±ğŸ˜±#Carrom#Carrompool#viral#shorts#trending,2024-05-13T10:17:42Z,276,0,0
nE2MZGb6dug,Big Carrom Match Tournament Practice ğŸ”¥ğŸ”¥ğŸ”¥#Carrom#carrompool #Viral#video#trending#foryou,2024-05-13T03:43:42Z,631,1,0
oss96NxumT4,Difficult Shot ğŸ”¥ğŸ”¥ğŸ”¥ #carrom #carrompool #viral #shorts #trending,2024-05-13T03:07:59Z,7567,54,1
PZ0gDDsV4B8,Press ShortğŸ‘‘ #carrom #carrompool#viral#trending#shorts,2024-05-12T19:22:24Z,212,0,0
skkQ4GMBouY,What a Short ğŸ˜±ğŸ˜±ğŸ˜± #carrom #carrompool #viral #shorts #trending,2024-05-12T16:19:03Z,148,2,0
VJusc0av1o4,Chacha Unbelievable Short ğŸ˜±ğŸ˜±ğŸ˜±#Carrom #carrompool #viral #shorts #foryou,2024-05-12T03:23:07Z,80,0,0
b1ut8t0TbMA,Vicky Match Finish Short ğŸ˜±ğŸ˜±ğŸ˜± #carrom#carrompool #viral #shorts#trending,2024-05-12T03:15:30Z,2059,21,0
EuFFBiCRunA,Ustad Vs Adeel Big Match ğŸ˜±ğŸ˜±ğŸ˜±#Carrom#carrompool#Viral#video#trending#foryou,2024-05-11T16:54:48Z,378,2,0
T33kVpvYO8g,Hard Luck ğŸ¤ğŸ»ğŸ¤ğŸ» #carrom #carrompool #viral #shorts #trending,2024-05-11T16:05:50Z,3205,37,0
2FRS2dXDCIY,Adeel King Cut Short ğŸ˜¨ğŸ˜¨ğŸ˜¨#carrom #carrompool #viral #trending #shorts,2024-05-11T16:04:59Z,441,7,0
LhtcM_mJVV8,Double Short ğŸ”¥ğŸ”¥ğŸ”¥ #carrom #carrompool #viral #shorts #trending,2024-05-11T03:12:46Z,2183,16,0
gUWY4mG26hg,What a Short ğŸ˜¨ğŸ˜¨ğŸ˜¨ #carrom #carrompool #viral #shorts #trending,2024-05-10T17:54:26Z,5728,68,0
caPhlrb9hUo,Carrom Big Challenge Match ğŸ˜±ğŸ˜±ğŸ˜±#Carrom #carrompool #viral #video#trending#foryou,2024-05-10T16:19:53Z,546,3,0
x5GcwcUhirQ,What a Short ğŸ˜±ğŸ¤¯ğŸ¤¯ #carrom #carrompool #viral #trending #foryou,2024-05-10T15:54:18Z,9115,108,0
UQFC7XFM-fM,What A Short ğŸ˜±ğŸ˜±ğŸ˜± #carrom #carrompool #viral #trending,2024-05-10T15:48:44Z,453,7,0
6Srw0mDmuko,Double Short ğŸ˜¨ğŸ˜¨ğŸ˜¨ #carrom #carrompool #viral #shots #trending,2024-05-10T07:25:29Z,12381,97,0
ZGdt7CG1-e8,Short ğŸ˜±ğŸ˜±ğŸ˜±#carrom #carrompool #viral #trending,2024-05-10T04:16:01Z,2326,31,0
e8dCFUe_ISI,Unbelievable ShortğŸ˜±ğŸ˜±ğŸ˜± #carrom #carrompool #viral #shots,2024-05-09T19:54:32Z,2945,18,0
UjFTyvgdrIY,Full Carrom Match Ustad VS Hafiz ğŸ˜±ğŸ˜±ğŸ˜±#carrom #carromboard #carrompool #Viral#video #Foryou,2024-05-09T15:34:54Z,758,2,0
480nK6op-GU,Vicky On Trending #carrom #carrompool #viral #shots #trending,2024-05-09T15:02:15Z,3580,20,0
xEnlpLCoiIM,Mistry Sab On Fire ğŸ”¥ğŸ”¥ğŸ”¥ #carrom #carrompool #shots #viral #trending,2024-05-09T14:56:49Z,10841,111,2
pcwExeX-Umk,Unbelievable Shot Mistry Sab ğŸ˜±ğŸ˜±ğŸ˜± #carrom #carrompool #shots #viral,2024-05-09T14:52:39Z,247,1,0
IA48iKOTiKU,Ustad On Fire ğŸ”¥ğŸ”¥ğŸ”¥ #carrom #carrompool #shots #viral,2024-05-09T03:24:23Z,11517,88,0
mZiERrd4eUg,Adeel King Vs Ustad Big Carrom Match ğŸ˜±ğŸ˜±ğŸ˜±#carrom #Video #viral #foryou #carrompool,2024-05-08T16:48:37Z,879,3,0
10vwr0Z6jXM,Ustad Queen Shorts #carrom #carrompool #shots #viral #trending,2024-05-08T13:48:30Z,118,2,0
-c-gVceWG-I,Ustad On Trending ğŸ”¥ğŸ”¥ğŸ”¥ #carrom #carrompool #viral #shots #trending,2024-05-08T13:27:59Z,54,2,0
dcjTRKbhEc4,Ustad Short ğŸ˜±ğŸ˜±ğŸ˜± #carrom #carrompool #shots #viral#trending,2024-05-08T13:20:27Z,93,4,0
ZgdI_M3pmH8,Ahsan Shah Cut Short #carrom #carrompool #shots #viral,2024-05-08T03:03:16Z,11609,90,0
6qTZ3j5GOs4,Brilliant Short ğŸ”¥ğŸ”¥ğŸ”¥ #carrom #carrompool #shots #viral #trending #foryou,2024-05-07T15:30:58Z,325,2,0
QfLLtVlHUJ4,Carrom Full Match Just 3 Mints Game Over ğŸ˜±ğŸ˜±#Viral#Video#Carrom#trending#foryou,2024-05-07T14:24:01Z,902,2,2
tYCtIAcKo2k,Ahsan Shah Cut Shorts #carrom #carrompool #shots #viral #trending #foryou,2024-05-07T14:02:32Z,79,4,0
KQ0Ftf1JJUQ,Ahsan Shah What a ShortsğŸ˜±ğŸ˜±ğŸ˜± #carrom #carrompool #shots #viarl #trending,2024-05-07T13:50:17Z,2522,20,0
noho5M6X1ig,Ustad On Fire ğŸ”¥ğŸ”¥ğŸ”¥ #carrom #carrompool #shots #viral #foryou,2024-05-07T13:48:48Z,67,4,0
dlM9vxhGtPo,Mama On Fire ğŸ”¥ğŸ”¥ğŸ”¥ #carrom #carrompool #shots #viral,2024-05-06T15:58:56Z,11593,182,0
BKkiqn1CM9c,Carrom Big Match ğŸ”¥ğŸ˜±ğŸ˜±#carrom #carrompool #viral #viralvideo #foryou,2024-05-06T14:11:00Z,798,2,0
M7E45gvh93I,Mama On Trending ğŸ”¥ğŸ”¥ğŸ”¥ #carrom #carrompool #shots #challenge #viral #trending,2024-05-06T12:50:51Z,172,4,0
SDHjWSM3Aio,What a Short ğŸ˜±ğŸ˜±ğŸ˜± #carrom #carrompool #shots #viral#trending,2024-05-06T12:51:06Z,12629,88,0
zwB5Fyift70,What a Short #carrom #shots #carrompool #viral,2024-05-05T13:39:12Z,3730,28,0
-j6IvM9jvIY,Unbelievable Shot ğŸ˜±ğŸ˜±ğŸ˜± #carrom #shots #carrompool #viral,2024-05-04T13:22:01Z,7112,75,0
S_JDs1TZxdw,Classic ShotğŸ˜±ğŸ¤¯ #carrom #carrompool #shots #viral,2024-05-04T13:13:30Z,11991,188,0
ydBJbplQt98,Mama What A Shot ğŸ˜±ğŸ”¥ğŸ”¥ #carrom #shots #carrompool #viral,2024-05-04T13:08:50Z,263,1,0
BaepH-rZeAo,ShotğŸ˜±ğŸ˜±ğŸ¤¯ #carrom #carrompoolad #shots #carromboard,2024-05-03T12:52:02Z,800,7,0
SG0iB5Y2G4k,Unbelievable Shots ğŸ¤¯ğŸ¤¯ğŸ¤¯ #carrom #shots #carrompoolad #carromboard #viral,2024-05-03T02:25:18Z,11847,156,2
7ed9esUMg3o,Unbelievable Shots ğŸ˜± #carrom #shots #carrompoolad #viral ğŸ˜±ğŸ˜±,2024-05-02T17:52:17Z,10701,114,0
pQ-7zmtgQdU,Unbelievable Shots ğŸ˜¦ğŸ”¥ğŸ˜± #carrom,2024-05-02T15:09:19Z,10154,95,0
aXoo42qGRrU,Difficult Shot ğŸ˜±ğŸ˜±ğŸ”¥ #carrom #shots #viral,2024-05-02T15:08:20Z,12166,125,0
_xOKgCG0ISw,Carrom BIG Challenge Match ğŸ˜±ğŸ˜±ğŸ˜±#carrom#viral#trending#carromking,2024-05-01T16:11:20Z,18966,0,3
2OGci1Tb0oE,BIG Challenge Carrom Match ğŸ”¥ğŸ’¯ #viralvideo #trending #carrom,2024-05-01T15:49:49Z,3771,15,8
5bjB-aST1Gg,Unbelievable Shots ğŸ˜±ğŸ˜±ğŸ˜± #carrom #shots #viral,2024-05-01T13:48:35Z,10957,120,1
izFFYjckbsw,King Of Carrom ğŸ‘‘ #shots #carromboard #carrom #viral,2024-05-01T13:39:59Z,11200,114,0
Y_pPJPyq1G8,What A Shot ğŸ˜±ğŸ˜¨#carrom #shots#viral,2024-05-01T13:27:31Z,110,1,0
eBP1F-zocv4,Carrom Shot ğŸ”¥#carrom #shots #viral,2024-04-30T18:08:57Z,2759,24,0
2sCi55LosKM,Unbelievable Shot ğŸ˜±#carrom #viral#shots,2024-04-30T16:45:52Z,2209,27,0
wRfRquIkOpI,Carrom Unbelievable Shot ğŸ”¥#Carrom#viral#shots,2024-04-30T11:44:03Z,14233,167,0
FsOB5a92tu0,King Of Carrom All Carrom players Challenge #carromking #shots #viralshorts #trending #highview,2024-04-29T18:01:22Z,64,2,0
0I1SQlPLaPs,Carrom Magic Shots ğŸ˜±ğŸ”¥ #Carrom#Shots#shorts #carrompool #trending #carromking #viralshorts #1million,2024-04-28T14:44:51Z,3756,32,0
oqmaBeyw3i0,Carrom Shot ğŸ˜± Unbelievable Shots ğŸ”¥#carrompool #shots #viralshorts #trending #trend #highview #foryou,2024-04-26T19:34:14Z,3693,39,0
